Name,Tags,Read,Authors,Ranking,Created,URL,Remarques,Durée,Date
How to launch a new business - 3 approaches,"Innovation, Venture Builder",No,McKinsey,,"July 17, 2023 2:53 PM",,,8,
"THE EMERGENCE OF ”EXPERTS OF THE
UNKNOWN” -LEARNINGS FROM RENAULT AND
SNCF",Innovation,No,,,"July 17, 2023 2:52 PM",,,8,
Pense bete ChatGPT,"DIGITAL, IA",Yes,,3-Stars,"July 17, 2023 11:34 AM",,,8,
Reconstructing the Mind’s Eye: fMRI-to-Image with Contrastive Learning and Diffusion Priors — Stability AI,"DIGITAL, IA",No,,,"July 17, 2023 10:34 AM",https://stability.ai/research/minds-eye?utm_source=bensbites&utm_medium=referral&utm_campaign=code-interpreter-and-gpt-4-api,,9,
Exploring opportunities in the gen AI value chain | McKinsey,"DIGITAL, IA",No,McKinsey,,"July 16, 2023 7:32 PM",https://www.mckinsey.com/capabilities/quantumblack/our-insights/exploring-opportunities-in-the-generative-ai-value-chain,,9,
How do we know how smart AI systems are?,"DIGITAL, IA",No,,,"July 14, 2023 8:18 AM",https://www.science.org/doi/10.1126/science.adj5957,,12,
When start-ups scale up: Lessons on building up culture and talent | McKinsey,"Innovation, Intrapreneurship, Venture Builder",No,,,"July 11, 2023 1:23 PM",https://www.mckinsey.com/capabilities/mckinsey-digital/our-insights/when-start-ups-scale-up-lessons-on-building-up-culture-and-talent,,14,
How incumbents scale up their new businesses | McKinsey,,No,,,"July 11, 2023 1:22 PM",https://www.mckinsey.com/capabilities/mckinsey-digital/our-insights/the-big-boost-how-incumbents-successfully-scale-their-new-businesses,,14,
Why generative AI needs a creative human touch | MIT Sloan,"DIGITAL, IA",No,,,"July 10, 2023 9:37 AM",https://mitsloan.mit.edu/ideas-made-to-matter/why-generative-ai-needs-a-creative-human-touch,,16,
How to Train Generative AI Using Your Company’s Data,"DIGITAL, Innovation",No,,,"July 7, 2023 3:17 PM",https://hbr.org/2023/07/how-to-train-generative-ai-using-your-companys-data?ab=hero-main-text,,18,
AI History,"DIGITAL, IA",No,,4-Stars,"July 3, 2023 8:17 AM",,,23,
"Avec Document AI, Snowflake se lance dans la course au LLM","DIGITAL, IA",No,,,"June 29, 2023 9:40 PM",https://www.lemondeinformatique.fr/actualites/lire-avec-document-ai-snowflake-se-lance-dans-la-course-au-llm-90866.html,,26,
How a Key Architect of Lean Startup Uses His Own Lessons to Scale up,"Innovation, Intrapreneurship",No,,,"June 29, 2023 6:13 PM",https://www-businessinsider-com.cdn.ampproject.org/c/s/www.businessinsider.com/architect-of-lean-startup-uses-own-lessons-to-scale-up-2020-3?amp,,26,
Innovation to Business Schaeffler,Innovation,No,,5-Stars,"June 28, 2023 7:33 PM",,A lire important,27,
Comment se créent les standards technologiques ?,,No,,,"June 28, 2023 4:44 PM",https://15marches.substack.com/p/comment-se-creent-les-standards-technologiques,,27,
"20VC: Why No Models Today Will Be Used in a Year, Why Open Will Always Beat Closed in AI, Why Proprietary Data is Less Important Than Ever And Why EU AI Regulation is a Disaster with Alex Lebrun, Founder & CEO @ Nabla - 20VC",,No,,,"June 28, 2023 8:46 AM",https://www.thetwentyminutevc.com/alex-lebrun/,,28,
Exploring opportunities in the gen AI value chain | McKinsey,"DIGITAL, IA",No,,,"June 26, 2023 4:13 PM",https://www.mckinsey.com/capabilities/quantumblack/our-insights/exploring-opportunities-in-the-generative-ai-value-chain?cid=other--soc-lkn-bam-ip-mip----&sid=soc-POST_ID&linkId=221867230,,29,
Sales Curves,MANAGEMENT,No,,,"June 26, 2023 1:40 PM",https://hbr.org/download/subscriber/reprint/R0607J-PDF-ENG,,29,
IA Gen et creativite,"DIGITAL, IA",No,,,"June 26, 2023 1:40 PM",https://hbr.org/download/subscriber/reprint/R2304C-PDF-ENG,,29,
Inside the AI Factory,"DIGITAL, IA",No,,,"June 26, 2023 1:04 PM",https://www.theverge.com/features/23764584/ai-artificial-intelligence-data-notation-labor-scale-surge-remotasks-openai-chatbots,,29,
Clonage de voix et synthèse vocale : des IA qui parlent (presque) comme des humains,"DIGITAL, IA",No,,,"June 26, 2023 10:09 AM",https://theconversation.com/clonage-de-voix-et-synthese-vocale-des-ia-qui-parlent-presque-comme-des-humains-205668,,30,
Explore - Reshape - Exploit Biz,Innovation,Yes,,4-Stars,"June 26, 2023 9:14 AM",,,30,
Tesla is winning the EV charging format war - The Verge,"EV ARTICLE, MOBILITY",Yes,,3-Stars,"June 26, 2023 9:08 AM",https://www.theverge.com/2023/6/9/23755184/tesla-ev-charging-standard-nacs-ccs-gm-ford,,30,
https://youtube.com/watch?v=fTEwGcPqLa8&feature=share,,,,,"June 25, 2023 11:31 PM",,,30,
https://youtube.com/watch?v=riXpu1tHzl0&feature=share,,,,,"June 25, 2023 11:30 PM",,,30,
Three Lessons From Chatting About Strategy With ChatGPT,DIGITAL,No,MIT,,"June 25, 2023 11:05 PM",https://sloanreview.mit.edu/article/three-lessons-from-chatting-about-strategy-with-chatgpt/?utm_source=newsletter&utm_medium=email&utm_content=where%20it%20falls%20short&utm_campaign=Enews%20BOTW%206/2/2023,,30,
Que faut-il savoir sur ChatGPT ?,DIGITAL,Yes,15 Marches,4-Stars,"June 25, 2023 10:46 PM",https://15marches.substack.com/p/que-faut-il-savoir-sur-chatgpt?utm_medium=email,,30,
Silicon Valley Confronts the Singularity - The New York Times,,,,,"June 12, 2023 6:20 PM",https://www.nytimes.com/2023/06/11/technology/silicon-valley-confronts-the-idea-that-the-singularity-is-here.html,,43,
GPT best practices - OpenAI API,,,,,"June 7, 2023 3:52 PM",https://platform.openai.com/docs/guides/gpt-best-practices/strategy-write-clear-instructions,,48,
What a teardown of the latest electric vehicles reveals about the future of mass-market EVs | McKinsey,,,,,"June 7, 2023 3:19 PM",https://www.mckinsey.com/industries/automotive-and-assembly/our-insights/what-a-teardown-of-the-latest-electric-vehicles-reveals-about-the-future-of-mass-market-evs,,48,
Work Trend Index | Will AI Fix Work?,"DIGITAL, IA, Innovation",No,Microsoft,,"June 5, 2023 11:55 AM",https://www.microsoft.com/en-us/worklab/work-trend-index/will-ai-fix-work?ranMID=24542&ranEAID=TnL5HPStwNw&ranSiteID=TnL5HPStwNw-nYni1x9yKlZIMgQ9r4gEyw&epi=TnL5HPStwNw-nYni1x9yKlZIMgQ9r4gEyw&irgwc=1&OCID=AID2200057_aff_7593_1243925&tduid=%28ir__vnqe9d0zsckfdjwmjoiett0g1f2xe0ddgtnms12x00%29%287593%29%281243925%29%28TnL5HPStwNw-nYni1x9yKlZIMgQ9r4gEyw%29%28%29&irclickid=_vnqe9d0zsckfdjwmjoiett0g1f2xe0ddgtnms12x00,,50,
Design Grand Groupes,"Design, Innovation",No,,,"May 25, 2023 5:44 PM",,,61,
Building new businesses in mobility with Travis Katz and Asad Husain | McKinsey,"Innovation, Intrapreneurship, MOBILITY",Yes,,4-Stars,"May 23, 2023 2:51 PM",https://www.mckinsey.com/features/mckinsey-center-for-future-mobility/our-insights/drivers-of-disruption/building-new-businesses-in-mobility-with-travis-katz-and-asad-husain,,63,
"La solution du GPT-4 à l'énigme de l'œuf équilibré aurait convaincu Microsoft que l'AGI, intelligence artificielle générale, est plus proche, selon Microsoft Research",,,,,"May 22, 2023 12:40 PM",https://intelligence-artificielle.developpez.com/actu/344736/La-solution-du-GPT-4-a-l-enigme-de-l-oeuf-equilibre-aurait-convaincu-Microsoft-que-l-AGI-intelligence-artificielle-generale-est-plus-proche-selon-Microsoft-Research/,,64,
DLAI - Learning Platform Prototype,"DIGITAL, Innovation",Yes,,5-Stars,"May 22, 2023 10:15 AM",https://learn.deeplearning.ai/chatgpt-prompt-eng/lesson/1/introduction,formation prompt engineering,65,
How to build a generative AI solution?,,,,,"May 22, 2023 9:59 AM","https://www.leewayhertz.com/how-to-build-a-generative-ai-solution/#:~:text=Several%20key%20steps%20must%20be,in%20a%20real%2Dworld%20context.",,65,
Generative AI & Creativity - Innovation,"DIGITAL, Innovation, Podcast",Yes,HBR,5-Stars,"May 19, 2023 10:07 AM",https://hbr.org/podcast/2023/05/how-generative-ai-changes-creativity,Synthèse dispo,68,"May 19, 2023"
Generative AI & Productivity,"DIGITAL, Innovation, Podcast",Yes,HBR,5-Stars,"May 19, 2023 9:49 AM",https://hbr.org/podcast/2023/05/how-generative-ai-changes-productivity,Post LinkedIn & Synthese dispo,68,"May 17, 2023"
Can artificial intelligence deliver real learning at business school? | Financial Times,"DIGITAL, Innovation",Yes,,5-Stars,"May 16, 2023 2:35 PM",https://www.ft.com/content/34de1ae6-fdde-43e3-a39a-50e30b8b97a1?shareType=nongift,,70,
Generative AI Will Change Your Business. Here’s How to Adapt.,,,,,"May 15, 2023 10:15 AM",https://hbr.org/2023/04/generative-ai-will-change-your-business-heres-how-to-adapt,,72,
Yuval Noah Harari (Sapiens) versus Yann Le Cun (Meta) on artificial intelligence,DIGITAL,Yes,Le Cun,4-Stars,"May 15, 2023 8:34 AM",https://amp-lepoint-fr.cdn.ampproject.org/c/s/amp.lepoint.fr/2519782,,72,
Startups vs Corporate - The Anchors - The Secrets of Psychology Simply Explained,,,,,"April 25, 2023 2:10 PM",https://the-anchors.co/publications/Cultural-Differences-between-Tech-Startups-and-Corporates.html,,91,
Dossiers Archive - Polytechnique Insights,,,,,"April 24, 2023 2:02 PM",https://www.polytechnique-insights.com/dossiers/,,92,
"Embracing Multibrand Design Systems in the Automotive Industry : A Stellantis Journey | by Valentin Cazin | Apr, 2023 | Medium",,,,,"April 20, 2023 8:57 AM",https://medium.com/@nozprod/embracing-multibrand-design-systems-a-stellantis-journey-8ab88417f4e6,,97,
State of the Cloud 2023 - Bessemer Venture Partners,,,,,"April 17, 2023 5:56 PM",https://www.bvp.com/atlas/state-of-the-cloud-2023,,99,
"Scenario Planning and Its Use in Strategy, in a Turbulent World — Futures Platform",Innovation,Yes,,3-Stars,"April 17, 2023 3:29 PM",https://www.futuresplatform.com/blog/scenario-planning-and-its-use-strategy-turbulent-world,,99,
Sodium-ion Battery,MOBILITY,Yes,,5-Stars,"April 17, 2023 9:06 AM",,,100,
“Now the Car Speaks Directly to the Insurance Company” – Porsche Consulting The Magazine,,,,,"April 14, 2023 11:00 AM",https://magazine.porsche-consulting.com/en/now-the-car-speaks-directly-to-the-insurance-company/,,103,
"""L’IA amplifie l’intelligence humaine comme la machine amplifie la force"", juge l’un de ses pères, Yann le Cun",,,,,"April 12, 2023 5:58 PM",https://www.radiofrance.fr/franceinter/yann-le-cun-la-technologie-cree-de-nouveaux-metiers-en-supprime-d-autres-reconnait-l-un-des-peres-des-ia-5596389,,104,
Achat Innovation,Innovation,Yes,,5-Stars,"April 12, 2023 3:25 PM",,,104,
Channel - Directeur Innovation,Innovation,Yes,,,"April 12, 2023 2:59 PM",,,104,
BCG X Principal Venture Architect,"Innovation, Intrapreneurship, Venture Builder",Yes,,,"April 12, 2023 2:58 PM",,,104,
10 Incontournables pour réussir Design Thinking,Innovation,Yes,ChatGPT,,"April 6, 2023 4:29 PM",,,110,
How to scale an intrapreneurship program at DHL Startup Lab - GroundControl,,,,,"April 5, 2023 6:02 PM",https://togroundcontrol.com/blog/how-to-scale-an-intrapreneurship-program-globally-with-dhl-start-up-lab/,,111,
"Trottinettes électriques, pour ou contre le climat ?",,,,,"March 31, 2023 5:51 PM",https://www.carbone4.com/analyse-trotinettes-electriques,,116,
Vehicle-as-a-Service | Deloitte Global,,,,,"March 30, 2023 10:03 AM",https://www.deloitte.com/global/en/Industries/automotive/perspectives/vehicle-as-a-service.html,,118,
"A La Rencontre Du MIL, Le Lab Innovation De Michelin - Forbes France","Innovation, Intrapreneurship",Yes,Michelin,5-Stars,"March 23, 2023 3:13 PM",,,124,
Management et conduite du changement : les 8 clés de succès - Harvard Business Review France,MANAGEMENT,Yes,,4-Stars,"March 16, 2023 7:11 AM",https://www.hbrfrance.fr/management/management-et-conduite-du-changement-les-8-cles-de-succes-60006,,132,
CodeCarbon.io,DIGITAL,Yes,,,"March 14, 2023 5:39 PM",https://codecarbon.io/#about,,133,
Create ChatGPT Enquiry,DIGITAL,Yes,,2-Stars,"March 14, 2023 5:25 PM",,,133,
"Comment fonctionne ChatGPT ? ",DIGITAL,No,,,"March 14, 2023 4:23 PM",https://www.zdnet.fr/actualites/comment-fonctionne-chatgpt-39955306.htm,,133,
"Google, victime du dilemme de l’innovateur avec ChatGPT - Harvard Business Review France",Innovation,Yes,Philippe Silberzahn,5-Stars,"March 12, 2023 3:13 PM",https://www.hbrfrance.fr/innovation/google-victime-du-dilemme-de-linnovateur-avec-chatgpt-60005,,135,
The Mission-Driven Innovator’s Guide to Market Research,Innovation,Yes,,3-Stars,"March 8, 2023 3:32 PM",https://uncommonleadership.substack.com/p/the-mission-driven-innovators-guide?sd=pf,,139,
Innovation Project Scorecard: Evidence Trumps Opinion,"Innovation, Intrapreneurship",Yes,Osterwalder,5-Stars,"March 5, 2023 10:08 AM",https://www.strategyzer.com/blog/innovation-project-scorecard-evidence-trumps-opinion,,143,
Comment (ne pas) lutter contre la réunionnite,MANAGEMENT,Yes,Philippe Silberzahn,4-Stars,"February 27, 2023 9:07 AM",https://philippesilberzahn.com/2022/10/03/comment-ne-pas-lutter-contre-la-reunionnite/,,149,
"Steve Blank An MVP is not a Cheaper Product, It’s about Smart Learning",,,,,"February 24, 2023 4:38 PM",https://steveblank.com/2013/07/22/an-mvp-is-not-a-cheaper-product-its-about-smart-learning/,,151,
"Émile Magazine - Nicolas Lerner : ""Les menaces à notre sécurité nationale se sont accrues ces dernières années""",,,,,"February 23, 2023 3:01 PM",https://www.emilemagazine.fr/article/2023/2/15/nicolas-lerner-les-menaces-a-notre-securite-nationale-se-sont-accrues-ces-dernieres-annees,,152,
"It’s not about the Fuel, it’s about the Friction, with Professor David Schonthal, co-author of The Human Element: Overcoming the Resistance That Awaits New Ideas | Unpacking the Digital Shelf","Innovation, MANAGEMENT",No,Schonthal,,"February 22, 2023 6:22 PM",https://salsify.simplecast.com/episodes/its-not-about-the-fuel-its-about-the-friction-with-professor-david-schonthal-co-author-of-the-human-element-overcoming-the-resistance-that-awaits-new-ideas,,153,
"If Your Innovation Effort Isn’t Working, Look at Who’s on the Team",,,,,"February 19, 2023 9:50 AM",https://hbr.org/2018/11/if-your-innovation-effort-isnt-working-look-at-whos-on-the-team?utm_medium=social&utm_campaign=hbr&utm_source=twitter&tpcc=orgsocial_edit,,157,
Steve Blank A Simple Map for Innovation at Scale,,,,,"February 14, 2023 5:40 PM",https://steveblank.com/2022/10/25/a-simple-map-for-innovation-at-scale/,,161,
How Chinese Strategy Ate Western Strategy For Breakfast,,,,,"February 13, 2023 5:33 PM",https://www.forbes.com/sites/hecparis/2023/02/02/how-chinese-strategy-ate-western-strategy-for-breakfast/amp/,,162,
Visualized: The EV Mineral Shortage,,,,,"February 9, 2023 3:43 PM",https://www.visualcapitalist.com/sp/how-mineral-supply-will-change-ev-forecasts/,,166,
What CEOs & CFOs need to understand about innovation - YouTube,Video,Yes,Osterwalder,5-Stars,"February 3, 2023 3:44 PM",https://www.youtube.com/watch?v=7hiVkHVz3jE,Experimentation / investissement test vs business plan…sortir sur le terrain…,172,
How To Get Transcripts For Any Podcast,,,,,"January 23, 2023 9:41 AM",https://markallen.io/podcast-transcripts/,,184,
"Edge Computing : tout savoir sur l'informatique en périphérie, une révolution pour les années 2020",,,,,"January 22, 2023 10:44 AM",https://www.lebigdata.fr/edge-computing-definition,,185,
Boston Dynamics’ Atlas can now toss tool bags around a (fake) construction site - The Verge,,,,,"January 21, 2023 6:57 PM",https://www.theverge.com/23560592/boston-dynamics-atlas-robot-bipedal-work-video-construction-site,,185,
"Architecture Organisationnelle: Intelligence Artificielle, Simulation and Systèmes Hybrides",,,,,"January 21, 2023 10:25 AM",http://organisationarchitecture.blogspot.com/2022/08/intelligence-artificielle-simulation.html,,186,
Technovision 2022 - Automotive,"Innovation, MOBILITY",No,CapGemini,,"January 20, 2023 1:22 PM",https://www.capgemini.com/insights/research-library/technovision-2022-dive-into-automotive-innovation/,,186,
ChatGPT is not all you need. A State of the Art Review of large Generative AI models,"DIGITAL, Innovation",No,,,"January 19, 2023 2:53 PM",https://arxiv.org/pdf/2301.04655.pdf?,,187,
Théorie Effectuation - Entrepreunariat,"Innovation, Intrapreneurship, MANAGEMENT",Yes,Philippe Silberzahn,5-Stars,"January 17, 2023 9:15 AM",,,190,
Venturing to Innovate: Five Strategic Insights for the C-Suite | Bain & Company,Innovation,En Cours,Bain,,"January 16, 2023 1:51 PM",https://www.bain.com/insights/venturing-to-innovate-five-strategic-insights-for-the-c-suite/?utm_medium=social_advocacy&utm_source=LinkedIn-dysi&utm_content=99c128fa-722a-497a-8ed7-47dd090cd1d4&utm_term=10099,,190,
AI Kezako & Definition,,,McKinsey,,"January 12, 2023 12:09 PM",,,194,
The future of mobility is now: Five themes to watch at CES 2023 - The Official Microsoft Blog,,,,,"January 10, 2023 1:52 PM",https://blogs.microsoft.com/blog/2023/01/04/the-future-of-mobility-is-now-five-themes-to-watch-at-ces-2023/,,196,
"Philippe Silberzahn, emlyon Business School - 3 modèles de décisions face à l'incertitude : Sloan, Kennedy, Bezos - Fenêtres ouvertes sur la gestion - xerficanal.com",,,,,"January 9, 2023 9:57 AM",https://www.xerficanal.com/iqsog/emission/Philippe-Silberzahn-3-modeles-de-decisions-face-a-l-incertitude-Sloan-Kennedy-Bezos_3751175.html,,198,
"E-bike subsidies, consolidation and IPOs: Our 2023 micromobility predictions | TechCrunch",MOBILITY,Yes,,4-Stars,"January 4, 2023 5:08 PM",https://techcrunch.com/2022/12/29/e-bike-subsidies-consolidation-and-ipos-our-2023-micromobility-predictions/,,202,
Minimobility: The next big thing in urban mobility?,"Innovation, MOBILITY",Yes,McKinsey,4-Stars,"January 4, 2023 4:40 PM",https://www.mckinsey.com/features/mckinsey-center-for-future-mobility/mckinsey-on-urban-mobility/minimobility-the-next-big-thing-in-urban-mobility,,202,
"New Normal — Charlie Felgate, Vision Leader - Regenerative",Sustainability,Yes,,5-Stars,"January 4, 2023 2:27 PM",https://www.newnormal.paris/article/why-we-should-all-become-personally-regenerative-charlie-felgate-vision-leader,,202,
Is ChatGPT Really a “Code Red” for Google Search?,DIGITAL,Yes,Gary Marcus,4-Stars,"January 1, 2023 11:12 AM",https://garymarcus.substack.com/p/is-chatgpt-really-a-code-red-for,,206,
"Sept leçons de l’histoire de l’innovation pour mieux comprendre le potentiel de ChatGPT, l’outil d’intelligence artificielle controversé | Philippe Silberzahn","DIGITAL, Innovation",Yes,Philippe Silberzahn,5-Stars,"January 1, 2023 10:46 AM",https://philippesilberzahn.com/2022/12/19/sept-lecons-de-l-histoire-de-l-innovation-pour-mieux-comprendre-le-potentiel-de-chatgpt-l-outil-d-intelligence-artificielle-controverse/,,206,
Expérience Client : 5 prédictions à suivre de près pour 2023 | Comarketing-News,,,,,"December 31, 2022 9:23 AM",https://comarketing-news.fr/experience-client-5-predictions-a-suivre-de-pres-pour-2023/,,207,
C'est la fin de la programmation telle que nous la connaissons,,,,,"December 30, 2022 9:42 PM",https://www.zdnet.fr/actualites/c-est-la-fin-de-la-programmation-telle-que-nous-la-connaissons-39951812.htm,,207,
"La créativité et la curiosité, piliers de l'innovation - Management",MANAGEMENT,Yes,,4-Stars,"December 30, 2022 8:57 AM",https://business.lesechos.fr/entrepreneurs/management/0702862722388-la-creativite-et-la-curiosite-piliers-de-l-innovation-350416.php,,208,
"Henry Mintzberg : des managers, pas des MBA – #hypertextual",MANAGEMENT,Yes,,5-Stars,"December 29, 2022 6:17 PM",https://thehypertextual.com/2012/08/20/henry-mintzberg-des-managers-pas-des-mba/,,208,
Trois croyances qui empêchent les entreprises d'affronter une crise - Polytechnique Insights,,,,,"December 28, 2022 6:45 PM",https://www.polytechnique-insights.com/tribunes/economie/trois-croyances-qui-empechent-les-entreprises-daffronter-une-crise/,,209,
Charting Opportunities in the Digital Economy Growth | BCG,,,,,"December 26, 2022 3:57 PM",https://www.bcg.com/publications/2022/charting-opportunities-in-the-digital-economy-growth,,211,
The industrial metaverse: A game-changer for operational technology | MIT Technology Review,"DIGITAL, Innovation",Yes,,4-Stars,"December 26, 2022 1:18 PM",https://www.technologyreview.com/2022/12/05/1063828/the-industrial-metaverse-a-game-changer-for-operational-technology/,,211,
The Next Normal – Could this be a glimpse into life in the 2030s? | The Next Normal | McKinsey & Company,,,,,"December 25, 2022 5:03 PM",https://www.mckinsey.com/featured-insights/the-next-normal/2030s,,212,
How Ford modeled EV battery materials with qubits | Popular Science,,,,,"December 25, 2022 10:52 AM",https://www.popsci.com/technology/ford-quantum-ev-battery/,,213,
"A deep dive into Grab’s approach to app design
",,,,,"December 23, 2022 3:04 PM",https://flip.it/sfnDWA,,214,
"Web3, the Metaverse, and the Lack of Useful Innovation - American Affairs Journal",,En Cours,,,"December 22, 2022 10:24 PM",https://americanaffairsjournal.org/2022/11/web3-the-metaverse-and-the-lack-of-useful-innovation/#.Y6S1bYMGAH8.linkedin,,215,
Prerequisites for Corporate Venture Building | Project A Insights,,,,,"December 21, 2022 6:39 PM",https://insights.project-a.com/corporate-venture-building-6-prerequisites-for-success-6a84fdbd9b8f,,216,
Electric Vehicles Are Poised to Create a $100B+ Opportunity in India by 2030 | Bain & Company,,,,,"December 19, 2022 11:32 AM",https://www.bain.com/insights/electric-vehicles-are-poised-to-create-a-$100-billion-opportunity-in-india-by-2030/,,219,
400+ startup accelerators in Europe: listed,,,,,"December 19, 2022 9:54 AM",https://sifted.eu/articles/400-startup-accelerators-in-europe-listed/,,219,
The Butterfly Diagram: Visualising the Circular Economy,,,,,"December 16, 2022 1:18 PM",https://ellenmacarthurfoundation.org/circular-economy-diagram,,221,
Mobility | Society: the mobility conference we need to have. — StudioPhro*,,,,,"December 15, 2022 10:59 AM",https://www.studiophro.com/blog/2022/6/27/mobility-society-the-mobility-conference-we-need-to-have,,223,
"Entrepreneurs, Is a Venture Studio Right for You?",,,,,"December 14, 2022 5:12 PM",https://hbr.org/2022/12/entrepreneurs-is-a-venture-studio-right-for-you,,223,
"Make Room for Minicars, the Electric Vehicles Cities Need - Bloomberg",,,,,"December 14, 2022 5:07 PM",https://www.bloomberg.com/news/features/2022-12-13/make-room-for-minicars-the-electric-vehicles-cities-need,,223,
AWS re:Invent 2022 - Automotive reinvention (AUT101-L) - YouTube,,,,,"December 5, 2022 5:47 PM",https://www.youtube.com/watch?v=9Tse4B-fnbI,,232,
Managing in an Age of Modularity,,,,,"November 29, 2022 11:34 AM",https://hbr.org/1997/09/managing-in-an-age-of-modularity,,238,
Effectively shifting gears between the different phases of the Innovation Pipeline - InnovationManagement,,,,,"November 28, 2022 1:42 PM",https://innovationmanagement.se/2018/08/21/effectively-shifting-gears-between-the-different-phases-of-the-innovation-pipeline/?utm_campaign=Tools%20Download%20Workflow&utm_content=77477722&utm_medium=social&utm_source=twitter,,239,
Steve Blank What Do I Do Now? The Startup Lifecycle,,,,,"November 28, 2022 10:59 AM",https://steveblank.com/2015/02/12/what-do-i-do-now/,,240,
La production automobile européenne pourrait ne jamais remonter la pente,,,,,"November 25, 2022 5:59 PM",https://www.automobile-magazine.fr/economie-politique/article/36736-la-production-automobile-europeenne-pourrait-ne-jamais-remonter-la-pente,,242,
How we REINVENTED THE AUTOMOBILE - the First Skateboard Platform,,No,,,"November 25, 2022 3:32 PM",http://www.adrianchernoff.com/project/skateboard-platform/,,242,
Skateboard Platform Impact- A 20 Year Journey - Adrian Chernoff,,No,,,"November 25, 2022 2:34 PM",http://www.adrianchernoff.com/project/electric-skateboard-platform/,,242,
"The other side of the table. For the last three years I have been… | by Lovina McMurchy | Nov, 2022 | Medium",,,,,"November 24, 2022 12:00 PM",https://medium.com/@lovina_49202/the-other-side-of-the-table-507b4eac250e,,243,
How to measure the value of innovation in your company?,,,,,"November 24, 2022 8:12 AM",https://www.acceptmission.com/blog/measuring-innovation/,,244,
How Your Company Can Encourage Innovation from All Employees,,,,,"November 23, 2022 7:00 PM",https://hbr.org/2022/09/how-your-company-can-encourage-innovation-from-all-employees?ab=hero-subleft-1,,244,
Steve Blank: Reinventing entrepreneurship | David Lancefield,,,,,"November 18, 2022 7:59 PM",https://davidlancefield.com/podcast/steve-blank-reinventing-entrepreneurship/,,249,
Du droit à l’erreur au devoir de tester - HBR,,,,,"November 16, 2022 4:08 PM",https://www.hbrfrance.fr/chroniques-experts/2021/10/40165-du-droit-a-lerreur-au-devoir-de-tester/,,251,
# [Act Like a Scientist],"HIGHLIGHTS, Innovation",,,,"November 16, 2022 12:13 PM",https://hbr.org/2022/05/act-like-a-scientist,,251,
"» Innovation : soyez « l’oiseau », pas le « dinosaure »",,,,,"November 16, 2022 12:01 PM",https://www.instapaper.com/read/1502527267,,251,
Levers for Corporate Entrepreneurship (Rainmaking),,,,,"November 16, 2022 10:35 AM",https://rainmaking.io/wp-content/uploads/2020/05/5-Levers-of-Corporate-Entrepreneurship-Rainmaking-Transport.pdf,,252,
Business building in 2022: Growth in volatile times | McKinsey,,,,,"November 16, 2022 10:07 AM",https://www.mckinsey.com/Capabilities/McKinsey-Digital/Our-Insights/New-business-building-in-2022-Driving-growth-in-volatile-times,,252,
Five Reasons Your Boss Was Right To Shut Down Your Innovation Lab,,,,,"November 15, 2022 3:48 PM",https://www.forbes.com/sites/tendayiviki/2016/09/04/five-reasons-your-boss-was-right-to-close-your-innovation-lab/amp/,,252,
Innovation - Strategyzer PlayBook,Innovation,Yes,Osterwalder,4-Stars,"November 15, 2022 11:36 AM",,,252,
Foxconn electric vehicle alliance plans boxy three-seater | Reuters,,,,,"November 9, 2022 9:13 AM",https://www.reuters.com/business/autos-transportation/foxconn-electric-vehicle-alliance-plans-boxy-three-seater-2022-11-08/,,259,
Episode 2 – Dans les coulisses du capital-risque : comment les fonds choisissent leurs investissements ?,,,,,"November 6, 2022 8:32 AM",https://www.maddyness.com/2022/11/03/coulisses-capital-risque/,,262,
Innovation in ASIA PlayBook,Innovation,No,,5-Stars,"November 3, 2022 12:17 PM",,,264,
Innovation Isn’t an Idea Problem,Innovation,Yes,,5-Stars,"November 3, 2022 11:56 AM",https://hbr.org/2013/07/innovation-isnt-an-idea-proble,,264,
L’héritage de Clayton Christensen - HBR,Innovation,No,Clayton Christensen,,"November 3, 2022 8:48 AM",https://www.hbrfrance.fr/magazine/2020/03/29401-lheritage-de-clayton-christensen/,,265,
Street Legal Carts | GEM - Electric Vehicles,Innovation,Yes,,5-Stars,"November 2, 2022 4:54 PM",https://www.gemcar.com/street-legal-carts/,Lien workshop Micromobility,265,
Tesla’s Not as Disruptive as You Might Think,"Innovation, MOBILITY",Yes,,5-Stars,"November 2, 2022 4:25 PM",https://hbr.org/2015/05/teslas-not-as-disruptive-as-you-might-think,Lien workshop Micromobility,265,
Why car companies should fear the golf cart,"Innovation, MOBILITY",Yes,,5-Stars,"November 2, 2022 4:20 PM",https://www.fastcompany.com/90804313/why-car-companies-should-fear-the-golf-cart,Lien workshop Micromobility,265,
La Fukang ES600 de Dongfeng-Stellantis est désormais compatible avec l'échange de batterie Evogo,"EV ARTICLE, MOBILITY",Yes,,3-Stars,"November 2, 2022 7:30 AM",https://www.automobile-propre.com/breves/la-fukang-es600-de-dongfeng-stellantis-est-desormais-compatible-avec-lechange-de-batterie-evogo/,,266,
Hydrogène bas-carbone : quels usages pertinents à moyen terme dans un monde décarboné ? | Carbone 4,,,Carbone4,,"October 30, 2022 8:34 AM",https://www.carbone4.com/publication-hydrogene-bas-carbone,,269,
Partners – Moove Lab – L’accélérateur des startups de la mobilité de Station F,Innovation,No,,,"October 28, 2022 10:14 AM",https://moove-lab.com/en/partners/,A prendre en compte pour échange Mobilians,271,
"A Simple Map for Innovation at Scale | by BCG Henderson Institute | Oct, 2022 | BCG Henderson Institute",Innovation,No,Steve Blank,,"October 27, 2022 6:16 PM",https://bcghendersoninstitute.com/a-simple-map-for-innovation-at-scale-de6b80c526b2,,271,
Relevez le défi de l’innovation de rupture | Philippe Silberzahn,Innovation,No,Philippe Silberzahn,,"October 27, 2022 6:10 PM",https://philippesilberzahn.com/ouvrages/relevez-le-defi-innovation-de-rupture/,,271,
Quelle stratégie pour votre entité innovation de rupture? | Philippe Silberzahn,Innovation,No,Philippe Silberzahn,,"October 27, 2022 6:09 PM",https://philippesilberzahn.com/2020/02/10/quelle-strategie-pour-votre-entite-innovation-de-rupture/,,271,
Automotive Nouveau monde,,No,,,"October 27, 2022 2:50 PM",https://youtu.be/kRuF9uQSh9M,,271,
"Renault numérise l'ensemble de ses processus, de la formation à la livraison des véhicules","DIGITAL, Data",Yes,,5-Stars,"October 27, 2022 8:45 AM",https://www.usine-digitale.fr/article/renault-numerise-l-ensemble-de-ses-processus-de-la-formation-a-la-livraison-des-vehicules.N2060162#xtor=EPR-4&email=vmarcade@leading.fr,"Illustration usage si digitalisation data ",272,
SI Moderne = Produits + Plateforme + Données,"DIGITAL, Data",Yes,,3-Stars,"October 26, 2022 3:18 PM",https://www.wenvision.com/si-moderne-produits-plateforme-donnees/,,272,
What is planet-centric design?. Four ways to move from human-centered… | by Samuel Huber | Goodpatch Global | Medium,"Innovation, Sustainability",Yes,,5-Stars,"October 26, 2022 3:16 PM",https://medium.com/goodpatch-global/what-is-planet-centric-design-8d1754b52fba,,272,
ElectricDrives | Foxconn (Hon Hai Technology Group) unveils two prototype electric vehicles (EVs),EV ARTICLE,Yes,,4-Stars,"October 25, 2022 9:17 PM",https://electricdrives.tv/ev-biz/foxconn-hon-hai-technology-group-unveils-two-prototype-electric-vehicles-evs/,,273,
How to Talk Data Readiness,"DIGITAL, Data",,,,"October 25, 2022 10:24 AM",https://www.ntconcepts.com/how-to-talk-data-readiness/,,274,
Checklist: 5 Key Dimensions to Data Readiness,"DIGITAL, Data",,,,"October 25, 2022 10:19 AM",https://tealium.com/resource/fundamentals/data-readiness-for-ml-checklist/,,274,
Data Readiness Levels: Turning Data from Palid to Vivid,"DIGITAL, Data",,,,"October 25, 2022 10:18 AM",https://inverseprobability.com/2017/01/12/data-readiness-levels,,274,
Data Readiness Report,"DIGITAL, Data",,,,"October 25, 2022 9:54 AM",,,274,
Renewable - Decarbonisation,,,,,"October 24, 2022 4:21 PM",,,274,
Opinion | Pour un plan de sobriété automobile | Les Echos,EV ARTICLE,Yes,,,"October 24, 2022 12:05 PM",https://www.lesechos.fr/idees-debats/cercle/opinion-pour-un-plan-de-sobriete-automobile-1871737,Sobriété - rallongement vie véhicule - retrofit - vehicle occasion,274,
What the top innovators get right,Innovation,,,,"October 24, 2022 9:56 AM",https://www.strategy-business.com/feature/What-the-Top-Innovators-Get-Right?utm_medium=email&_hsmi=230531324&_hsenc=p2ANqtz-_0KGtszlOuPATeBUpFNowPyGeqmBXGDVtObJIJgTjAebLZM4pPd1ZKRoJP4RON5reMveCo2ItglO0vHhH-05cULbqnCDZsg1htpZo76Dryq99k9e4&utm_content=230531324&utm_source=hs_email,,275,
Pourquoi votre entité innovation de rupture ne va nulle part,Innovation,Yes,,4-Stars,"October 24, 2022 8:44 AM",https://philippesilberzahn.com/2022/10/24/pourquoi-votre-entite-innovation-de-rupture-ne-va-nulle-part/,,275,
Venture Design,Innovation,,,,"October 23, 2022 7:40 PM",,,275,
"Les interviews du Mondial 2022 - Michel Forissier (Valeo): ""la mobilité, c'est la vie""",,,,,"October 22, 2022 9:34 AM",https://www-caradisiac-com.cdn.ampproject.org/c/s/www.caradisiac.com/amp/les-interviews-du-mondial-2022-michel-forissier-valeo-la-mobilite-c-est-la-vie-198682.htm,,277,
Design thinking for circular economy | Intesa Sanpaolo,"Innovation, Sustainability",Yes,,3-Stars,"October 19, 2022 7:17 PM",https://group.intesasanpaolo.com/en/editorial-section/events-and-projects/projects/innovation/2022/10/design-thinking-makes-circular-economy-reality,,279,
"Changement : cessez de vouloir convaincre, donnez plutôt envie, Management",,,,,"October 19, 2022 7:02 PM",https://business.lesechos.fr/entrepreneurs/management/0702386569620-changement-cessez-de-vouloir-convaincre-donnez-plutot-envie-349622.php,,279,
PSSI — Guide d’élaboration de politiques de sécurité des systèmes d’information | Agence nationale de la sécurité des systèmes d'information,,,,,"October 19, 2022 4:37 PM",https://www.ssi.gouv.fr/guide/pssi-guide-delaboration-de-politiques-de-securite-des-systemes-dinformation/,,279,
Venture Capital’s 3 Markets,,Yes,,5-Stars,"October 17, 2022 5:53 PM",https://www.linkedin.com/posts/lukemostert_venture-capitals-3-markets-one-of-the-biggest-activity-6987698335864213504-vV9b?utm_source=share&utm_medium=member_desktop,,281,
Creativity And Imagination Are Leadership Skills For Work Transformation: IDEO Co-CEO,,,,,"October 17, 2022 5:45 PM",https://www.forbes.com/sites/janinemaclachlan/2022/10/12/creativity-and-imagination-are-leadership-skills-for-work-transformation-ideo-co-ceo/?sh=575308af48aa,,281,
What to read to lead,,,,,"October 17, 2022 5:34 PM",https://www.mckinsey.com/featured-insights/mckinsey-guide-to-managing-yourself/what-to-read-to-lead,,281,
Next Lab Help,,,,,"October 17, 2022 4:39 PM",https://solvenexthelp.zendesk.com/hc/en-us,,281,
Juxtly — Solve/Next,,,,,"October 17, 2022 4:39 PM",https://solvenext.com/juxtly,,281,
"Livre : ""Dragon tactics"" ou les clés du management chinois",,,,,"October 16, 2022 3:04 PM",https://asialyst.com/fr/2022/10/15/chine-livre-dragon-tactics-cles-management-chinois/,,282,
"Flotte vélo la Poste ",Video,,,,"October 14, 2022 7:39 AM",https://youtu.be/IJ-w8T3Z1_s,,285,
"A Strategic Hedge For National Security With The Small, The Agile, And The Many",,,,,"October 12, 2022 9:06 PM",https://www.forbes.com/sites/heatherwishartsmith/2022/10/11/a-strategic-hedge-for-national-security-with-the-small-the-agile-and-the-many/amp/,,286,
"Fin des concessions, fin des remises : ce qui vous attend prochainement chez certaines marques",,,,,"October 12, 2022 5:42 PM",https://www.automobile-magazine.fr/toute-l-actualite/article/36083-fin-des-concessions-fin-des-remises-ce-qui-vous-attend-prochainement-chez-certaines-marques,,286,
GM Launches an 'Energy Ecosystem' – What It Will Do for EV Owners,EV ARTICLE,Yes,,,"October 11, 2022 6:20 PM",https://www.caranddriver.com/news/a41572989/gm-energy-services-what-that-means-ev-owners/,,287,
"Nouvelle série. Dans les coulisses d’une démarche d’innovation de services | by Ronan Désérable | MAIF Data Design Tech etc. | Oct, 2022 | Medium",,,,,"October 11, 2022 1:28 PM",https://medium.com/maif-data-design-tech-etc/nouvelle-s%C3%A9rie-dans-les-coulisses-dune-d%C3%A9marche-d-innovation-de-services-b7f4cba7209e,,287,
"To Get Employees Back to the Office, Address These 4 Frictions",,,,,"October 11, 2022 12:19 PM",https://insight.kellogg.northwestern.edu/article/employees-return-office-4-frictions,,287,
"Le fabricant de l’iPhone dévoile un SUV électrique compact, concurrent de la Renault Megane E-Tech",EV ARTICLE,Yes,,,"October 11, 2022 9:55 AM",https://www.frandroid.com/produits-android/automobile/voitures-electriques/1499094_le-fabricant-de-liphone-devoile-un-suv-electrique-compact-concurrent-de-la-renault-megane-e-tech,,288,
Starbucks will pilot EV charging stations in its parking lots,EV ARTICLE,Yes,,,"October 11, 2022 8:29 AM",https://www.fastcompany.com/90730929/starbucks-wants-to-become-the-gas-station-of-the-future-for-evs,,288,
"Circular economy Innovation Model study ",Innovation,No,,,"October 6, 2022 4:02 PM",https://pdf.sciencedirectassets.com/271733/1-s2.0-S0040162522X00103/1-s2.0-S0040162522005972/main.pdf?X-Amz-Security-Token=IQoJb3JpZ2luX2VjEDYaCXVzLWVhc3QtMSJIMEYCIQDk%2BydKIIHhfpt1uscJFuJDjEXvDs7foy4cll%2BSbhXWQgIhAJ7oBR7xR5QnHwGCLjYR%2FC%2FdUK42ZOuU61VjTVk1BFSxKtUECO7%2F%2F%2F%2F%2F%2F%2F%2F%2F%2FwEQBRoMMDU5MDAzNTQ2ODY1IgyIhFCDqh861p2vau0qqQTzq2VbxKxsqklsGcHe0KCLJaRPNaPJ2skmb%2F4g6SEHiSI0EpXyXQzkMuvKRm812sn1GJHeXtRJqROj5yXGC%2BHzQucO8vMNpR3Tniis4aG%2BfPyiKngVUm8HzEgxa%2BNhsDfz6WYgnaKXAm9Tio5DgYCtTwgFpSTge7kZ7kzj10YZW3jtT4GCOCI56lANUPomS0ixCM4Cxk5ZgB9ynlPS4le9cocKwup65rUOgmpH091%2FDLEaEP%2Bq2klh5M5WDwQfkUoh8Yzy4%2FI3WiLCmnTEXNpt%2Fxklma%2BVKWzyomSKOig3JSpsgesGecacmiUNd1VADmaq1xsBr0%2FqbFDQ%2BgQiYS59x%2BJqte8VJpNT1n9%2By4TJlkum5AbXXj%2F%2Ba%2BuIpVZMHTixSliW%2Flk2Dn0%2BcI0S153HPDbmyHJCwNs1wGujajHqX9nPfWmPPHr8pY%2B6eY0FUe1Y7985%2FTv8DiE%2BZi4Zbz8A7eJYKz9uKFGjFu1Mf%2FAOHlQ%2FfL5k4znDb1yDpGWUAvu%2B3hOVWlCoUp%2FRjBUKACTks6sGmgSRNA%2FEomlHNiVAdx6xT1wDfO4HMHBl%2FIrtNbTSKp06M9fTTNlFPUgg6MVyOHqkMARXSSGmdbBjG03ANCcHpR2K4UmVmEwf7JGat02T3MmBAD5eDZr0auXUnkhs3lsOCwMSmCl9piCCC3XqtyA0abI83KmptmOlb%2FeJ5VpieO9akMUpus6jUa2Ak36MVAmfL7UEKRyRMKKm%2B5kGOqgBWNZ0xkOKX64vgUoXjQCy%2Bn%2Bz19%2BTrlw1P2GRQVh2fwXC0CWf9UCO6lkQh19cyWGglZnifDmidAHQBUaElJ1LXZgqBZihT4kY7S869raNF0%2BEpOaLZsagqbdDcOu6A30fDNh79L81K%2BcNMrEi8wgyStrfMRDHy%2BFKw7WYugIgsycAhAmBO6J%2BVuXwNECPHc%2BSCMAIFAizeeUN6RLbP8JtXw21UH%2FImeoQ&X-Amz-Algorithm=AWS4-HMAC-SHA256&X-Amz-Date=20221006T140204Z&X-Amz-SignedHeaders=host&X-Amz-Expires=300&X-Amz-Credential=ASIAQ3PHCVTYY3NMU35O%2F20221006%2Fus-east-1%2Fs3%2Faws4_request&X-Amz-Signature=55074d2c8b43a087144efbd5ec15110f7b049124ddb6c5efcf521eaa0846f87a&hash=a0b6de32e4c8c5688be005b3c27e71d36b3081e1863f931a39976d3cedb5afce&host=68042c943591013ac2b2430a89b270f6af2c76d8dfd086a07176afe7c76c2c61&pii=S0040162522005972&tid=spdf-c5fd9560-6be9-4c84-8394-79a251b97f6d&sid=a6b5eebe556157401e69b3d25f445782e4begxrqb&type=client&download=true&ua=5653530a00020d5754&rr=755eeec32b29d4f6,,292,
Strategy-Making in Turbulent Times,,No,HBR,,"October 6, 2022 3:49 AM",https://hbr.org/2022/09/strategy-making-in-turbulent-times,,293,
"Carlos Tavares : ""Notre pays est fondamentalement autophobe""",EV ARTICLE,Yes,,,"October 5, 2022 7:15 AM",https://www.automobile-magazine.fr/toute-l-actualite/article/36000-carlos-tavares-notre-pays-est-fondamentalement-autophobe.amp,,294,
Évolution des mobilités dans le Grand Paris,,No,,,"October 4, 2022 1:07 PM",https://www.apur.org/fr/nos-travaux/evolution-mobilites-grand-paris-tendances-historiques-evolutions-cours-emergentes,,294,
"EV battery manufacturing: Local production of EV battery resolving major challenges to make India global export hub: Report, Auto News, ET Auto",EV ARTICLE,No,,,"October 4, 2022 11:01 AM",https://auto.economictimes.indiatimes.com/news/auto-components/local-production-of-ev-battery-resolving-major-challenges-to-make-india-global-export-hub-arthur-d-little-report/94505618,,295,
🚀 Su$tainable Mobility: Is Tesla’s Supercharger Flywheel Entering Hyperdrive?,,No,,,"October 3, 2022 1:27 AM",https://alexmitchell.substack.com/p/sutainable-mobility-is-teslas-supercharger,,296,
Act Like a Scientist,,No,,,"October 2, 2022 3:59 AM",https://hbr.org/2022/05/act-like-a-scientist,,297,
Job to be done  - Milkshake,"Innovation, Video",Yes,Clayton Christensen,5-Stars,"October 1, 2022 4:40 PM",https://youtu.be/flKcN2x50rw,,297,
Podcast: Got a Great Idea? Here's How to Get People on Board.,"Innovation, Podcast",No,,,"September 29, 2022 9:53 AM",https://insight.kellogg.northwestern.edu/article/podcast-got-a-great-idea-heres-how-to-get-people-on-board,,300,
What is product lifecycle management (PLM)? | SAP Insights,,,,,"September 29, 2022 3:39 AM","https://www.sap.com/insights/what-is-product-lifecycle-management.html#:~:text=In%20an%20age%20where%20innovation,a%20faster%20time%20to%20market.",,300,
Sébastien Bohler : « L'humanité est devenue psychopathe » | Les Echos,,,,,"September 25, 2022 6:13 AM",https://www-lesechos-fr.cdn.ampproject.org/c/s/www.lesechos.fr/amp/1848813,,304,
Why Your Company Needs An Innovation Project Leader,,,,,"September 24, 2022 8:40 PM",https://www.bmnt.com/post/why-your-company-needs-an-innovation-project-leader,,304,
HBR's 50 Best-Selling Articles,,,,,"September 24, 2022 9:35 AM",https://hbr.org/top-50-articles,,305,
Mapping the Unknown -- The 10 Steps to Map Any Industry,,,,,"September 24, 2022 9:25 AM",https://www.linkedin.com/pulse/mapping-unknown-10-steps-map-any-industry-steve-blank,,305,
Le syndrome du canard: comment les organisations en déclin s’habituent à la médiocrité | Philippe Silberzahn,,,,,"September 19, 2022 3:09 PM",https://philippesilberzahn.com/2022/09/19/le-syndrome-du-canard-comment-les-organisations-en-declin-s-habituent-a-la-mediocrite/,,309,
Synthese Sensory,Sensory,,GREG,,"September 15, 2022 12:14 PM",https://www.figma.com/file/BnksFwDxIeC611Ktbm44HU/Sensory?node-id=0%3A1,,313,
Uniqlo x Toray,Sensory,Yes,,4-Stars,"September 15, 2022 12:13 PM",https://www.toray.com/global/story_newspicks/newspicks_09.html,,313,
EDF Open Innovation,Innovation,,,5-Stars,"September 14, 2022 5:42 PM",,,314,
Steve Blank: Reinventing entrepreneurship | David Lancefield,,,,,"September 13, 2022 10:53 AM",https://davidlancefield.com/podcast/steve-blank-reinventing-entrepreneurship/,,316,
Taste & Wellbeing | Givaudan,Sensory,Yes,,,"September 13, 2022 10:24 AM",https://www.givaudan.com/taste-wellbeing,,316,
How can you get people to say yes to your CVC innovation ideas? | Sifted,"Innovation, People",Yes,,4-Stars,"September 13, 2022 10:15 AM",https://sifted.eu/articles/loran-nordgren-innovation-cvc/,,316,
Optimization of texture of protein based products | RISE,Sensory,Yes,,3-Stars,"September 12, 2022 3:46 PM",https://www.ri.se/en/what-we-do/expertises/optimization-of-texture,,316,
Only an Ecosystem Can Solve Last-Mile Gridlock in Package Delivery | BCG,,,BCG,,"September 12, 2022 2:29 PM",https://www.bcg.com/publications/2021/solving-the-package-delivery-system-problems-with-a-new-ecosystem,,316,
"The Most Commonly Cited Barriers to Innovation in Large Companies? Internal Politics
",Innovation,Yes,,4-Stars,"September 7, 2022 1:38 PM",https://flip.it/AMmplN,,321,
New textures & sensory experiences - Evonik Industries,Sensory,,,,"September 6, 2022 12:02 PM",https://personal-care.evonik.com/en/products-solutions/totm/new-textures-and-sensory-experiences-155905.html,,322,
Why texture and sensory analysis are essential,Sensory,Yes,Gattefossé,2-Stars,"September 6, 2022 12:01 PM",https://www.cosmeticsbusiness.com/news/article_page/Why_texture_and_sensory_analysis_are_essential/169206,,322,
"Multi-Sensory Innovation: Why It Matters, Is Growing And 9 Ways To Excel",Sensory,,,,"September 6, 2022 11:35 AM",https://www.forbes.com/sites/michellegreenwald/2016/02/17/multi-sensory-innovation-why-it-matters-is-growing-and-9-ways-to-excel-2/?sh=4395ca0650e6,,322,
Food Texture Design in an Innovation Process - YouTube,Sensory,Yes,,,"September 2, 2022 4:48 PM",https://www.youtube.com/watch?v=MhUCbeMrv-s,,326,
"Texture trends and innovation: Modifying mouthfeel, engaging the senses and making visual statements",Sensory,Yes,,3-Stars,"September 2, 2022 4:41 PM",https://www.foodingredientsfirst.com/news/texture-trends-and-innovation-modifying-mouthfeel-engaging-the-senses-and-making-visual-statements.html,,326,
Tout savoir sur les différentes formes galéniques cosmétiques,Sensory,,,,"September 2, 2022 3:53 PM",https://www.biotyfullbox.fr/cosmetique-bio/actualite-bio/differentes-formes-galeniques-cosmetiques/,,326,
"La culture de l’innovation, indispensable à l’ère de la transformation numérique","DIGITAL, Innovation, Intrapreneurship",Yes,,2-Stars,"August 29, 2022 6:05 PM",https://siecledigital.fr/2022/08/24/la-culture-de-linnovation-indispensable-a-lere-de-la-transformation-numerique/,,330,
How to Do Strategic Planning Like a Futurist,,,,,"August 29, 2022 2:20 PM",https://hbr.org/2019/07/how-to-do-strategic-planning-like-a-futurist,,330,
4 Ways for Your CTO to Drive Innovation in a Company – BRINK – Conversations and Insights on Global Business,,,,,"August 19, 2022 4:17 PM",https://www.brinknews.com/4-ways-for-your-cto-to-drive-innovation-in-a-company/,,340,
TechnoVision 2022 – dive into automotive innovation,,,,,"August 16, 2022 9:50 AM",https://www.capgemini.com/in-en/technovision-editions/technovision-2022-dive-into-automotive-innovation/?utm_source=linkedin_automotive&utm_medium=social&utm_content=automotive_grouporganic_video_report_report&utm_campaign=Auto_technovision2022_auto,,344,
Beyond Startups — Using Lean to Solve Real-World Problems,,,,,"August 14, 2022 3:01 PM",https://www.bmnt.com/post/beyond-startups-using-lean-to-solve-real-world-problems,,345,
"Le général Burkhard décrit ""l'armée dont la France a besoin"" pour les années à venir - Zone Militaire",,,,,"August 5, 2022 11:26 AM",http://www.opex360.com/2022/08/04/le-general-burkhard-decrit-larmee-dont-la-france-a-besoin-pour-les-annees-a-venir/,,355,
Web3 Culture Study,,,,,"August 5, 2022 9:59 AM",,,355,
"Metaverse Reality Check: Should You Care, And Opportunities You Can Grab | by BCG Digital Ventures - Part of BCG X | BCG Digital Ventures | Jun, 2022 | Medium",DIGITAL,No,,,"August 3, 2022 4:28 PM",https://medium.com/bcg-digital-ventures/metaverse-reality-check-should-you-care-and-opportunities-you-can-grab-a999aadab7a0,,356,
10 Killer Best Practices For Scrum in Microsoft Teams and Planner,"Innovation, MANAGEMENT",No,,,"August 3, 2022 3:21 PM",https://www.avepoint.com/blog/manage/scrum-microsoft-teams-planner,,356,
The New New Product Development Game,"Innovation, MANAGEMENT",No,,,"August 3, 2022 3:20 PM",https://hbr.org/1986/01/the-new-new-product-development-game,,356,
Quiet People in Meetings Are Incredible | by Tim Denning | Ascent Publication,MANAGEMENT,No,,,"July 25, 2022 5:50 PM",https://medium.com/the-ascent/quiet-people-in-meetings-are-incredible-7bb05ef9acd1,,365,
Employee engagement is out. This is the new goal,,No,,,"July 25, 2022 11:45 AM",https://www.fastcompany.com/90768691/employee-engagement-is-out-this-is-the-new-goal?partner=rss&utm_campaign=58b4354cdc97a54d54009d15&utm_content=62d55d933ae43c0001c70c50&utm_medium=smarpshare&utm_source=linkedin,,365,
🧁 Dealing with the paradox of choice in innovation,,No,,,"July 25, 2022 9:05 AM",https://www.icopilots.com/the-paradox-of-choice-in-innovation/,,366,
"🦄 Can Porsche launch startups, and should they?","Innovation, MOBILITY",Yes,,2-Stars,"July 25, 2022 8:10 AM",https://www.icopilots.com/can-porsche-make-startups-and-should-they/,,366,
"🚘 Subscriptions in cars, a long, messy story",MOBILITY,Yes,,4-Stars,"July 25, 2022 8:05 AM",https://www.icopilots.com/subscriptions-in-cars-a-long-messy-story/,,366,
"Heriberto Diarte, head of SE Ventures: How to set up a CVC fund the right way",,No,,,"July 23, 2022 12:17 PM",https://sifted.eu/articles/schneider-electric-heriberto-diarte/,,367,
Facilitating radical innovation through secret technology‐oriented skunkworks projects: Implications for human resource practices - Oltra - 2022 - Human Resource Management Journal - Wiley Online Library,"Innovation, MANAGEMENT",No,Donada,,"July 22, 2022 8:34 AM",https://onlinelibrary.wiley.com/doi/full/10.1111/1748-8583.12397,,369,
"Innovation Défense ",,No,,,"July 22, 2022 6:58 AM",https://www.defense.gouv.fr/sites/default/files/aid/DrOID%202022.pdf,,369,
Build leaders faster — share the ambiguity - by Ami Vora,MANAGEMENT,Yes,,3-Stars,"July 21, 2022 10:03 AM",https://amivora.substack.com/p/build-leaders-faster-share-the-ambiguity,,370,
IBM a mis 20 ans à nous protéger d'une menace quantique qui n'existe pas encore,,No,,,"July 18, 2022 9:59 AM",https://www.01net.com/actualites/ibm-a-mis-20-ans-a-nous-proteger-dune-menace-quantique-qui-nexiste-pas-encore.html,,373,
"Stanley Robotics : Stan, le robot voiturier qui gare votre véhicule",,No,,,"July 17, 2022 1:47 PM",https://www.sixt.fr/magazine/future-mobility/stanley-robotics/,,373,
Recovery and waste management - SUEZ Group,,No,,,"July 12, 2022 12:46 PM",https://www.suez.com/en/our-offering/local-authorities/what-are-you-looking-for/recovery-and-waste-management,,378,
Quel système productif sous nos yeux ? - marché design ...,,No,,,"July 7, 2022 2:01 PM",https://xd.ademe.fr/blog/quel-systeme-productif-sous-nos-yeux,,383,
Stop Wasting People’s Time with Meetings,,No,,,"July 7, 2022 10:51 AM",https://hbr.org/2022/03/stop-wasting-peoples-time-with-bad-meetings,,384,
Steve Blank: Reinventing entrepreneurship | David Lancefield,,No,,,"July 7, 2022 10:50 AM",https://davidlancefield.com/podcast/steve-blank-reinventing-entrepreneurship/,,384,
"In The Innovation Game, The Best Ideas Start With The Right Problem",,No,,,"June 26, 2022 10:05 AM",https://www.bmnt.com/post/in-the-innovation-game-the-best-ideas-start-with-the-right-problem,,395,
"Open innovation, la définition de Valeo",Innovation,Yes,VALEO,3-Stars,"June 21, 2022 9:50 PM",https://bigmedia.bpifrance.fr/news/open-innovation-la-definition-de-valeo?utm_campaign=603d347269820100011217f0&utm_content=62a8a0e1a439eb0001a74db7&utm_medium=smarpshare&utm_source=linkedin,,399,
The future of urban mobility | Micromobility | BCG,,No,,,"June 21, 2022 1:54 PM",https://www.bcg.com/publications/2022/the-future-of-urban-mobility,,399,
What it's like for a new CTO trying to innovate a company,,No,,,"June 20, 2022 6:15 PM",https://www.fastcompany.com/90760032/what-its-like-for-a-new-cto-trying-to-bring-innovation-to-a-company,,400,
🚙 Une Ami qui vous veut du bien,,No,,,"June 17, 2022 3:23 PM",https://15marches.substack.com/p/-une-ami-qui-vous-veut-du-bien,,403,
Impact - Innovation & Frugalité,"Innovation, Sustainability",Yes,Radjou,5-Stars,"June 16, 2022 5:18 PM",https://www.linkedin.com/posts/naviradjou_impact-innovation-activity-6955788031521890305-lJL-?utm_source=linkedin_share&utm_medium=member_desktop_web,,404,
How Competitive Forces Shape Strategy,Innovation,No,Porter,5-Stars,"June 13, 2022 9:35 AM",https://hbr.org/1979/03/how-competitive-forces-shape-strategy,,408,
Competing on Analytics,,No,,,"June 13, 2022 9:34 AM",https://hbr.org/2006/01/competing-on-analytics,,408,
353: Mastering change - with David Schonthal - Product Mastery Now,"Innovation, MANAGEMENT",No,Schonthal,,"June 11, 2022 9:11 AM",https://productmasterynow.com/blog/353-mastering-change-with-david-schonthal/,,410,
Everything You Ever Wanted to Know about Marketing Communications,FOOD4THOUGHTS,No,Steve Blank,,"June 9, 2022 2:58 PM",https://steveblank.com/2017/04/05/everything-you-ever-wanted-to-know-about-marketing-communications/,,411,
Building a design-driven culture,Design,No,McKinsey,,"June 8, 2022 11:28 AM",https://www.mckinsey.com/business-functions/growth-marketing-and-sales/our-insights/building-a-design-driven-culture,,413,
The future of work after COVID-19,"MANAGEMENT, RemoteWork, Workplace",No,McKinsey,,"June 8, 2022 11:25 AM",https://www.mckinsey.com/featured-insights/future-of-work/the-future-of-work-after-covid-19,,413,
How Can You Build Visibility into a Hybrid Workplace?,"MANAGEMENT, RemoteWork, Workplace",Yes,,2-Stars,"June 7, 2022 3:50 PM",https://hbr.org/2022/06/how-can-you-build-visibility-into-a-hybrid-workplace,,413,
4 Steps to Creating a Strategy in an Uncertain World,,No,,,"June 7, 2022 3:47 PM",https://hbr.org/2022/06/4-steps-to-creating-a-strategy-in-an-uncertain-world,,413,
Lessons for the DoD – From Ukraine and China,"Innovation, Podcast",Yes,Steve Blank,4-Stars,"June 7, 2022 9:07 AM",https://podcasts.apple.com/fr/podcast/steve-blank-podcast/id406567694?i=1000564688436,Lien Commercial Startup / Military Needs. How to speed up Defense Innovation,414,
Le design : levier de performance pour l’entreprise - Forbes France,"Design, Innovation",Yes,,4-Stars,"June 6, 2022 5:08 PM",https://www.forbes.fr/business/le-design-levier-de-performance-pour-lentreprise/,,414,
What does the metaverse mean for the car industry?,"Innovation, MOBILITY",Yes,,4-Stars,"June 6, 2022 4:09 PM",https://360.here.com/metaverse-automotive-industry?cid=Auto-Twitter-MG-0-360blog-&utm_source=Twitter&utm_medium=social&utm_campaign=Online_CommsShare_2022,,414,
La méthode OKR donne-t-elle du sens aux projets d'entreprise ?,MANAGEMENT,Yes,,3-Stars,"June 3, 2022 4:43 PM",https://www.maddyness.com/2022/04/12/la-methode-okr-donne-t-elle-du-sens-aux-projets-dentreprise/,,417,
What the Best Presenters Do Differently,MANAGEMENT,Yes,,4-Stars,"June 3, 2022 4:43 PM",https://hbr.org/2022/04/what-the-best-presenters-do-differently,,417,
"""La multiplication des chefs de projet est une catastrophe managériale majeure"", affirme le sociologue François Dupuy",MANAGEMENT,Yes,,,"June 3, 2022 4:42 PM",https://www.usinenouvelle.com/article/la-multiplication-des-chefs-de-projet-est-une-catastrophe-manageriale-majeure-affirme-le-sociologue-francois-dupuy.N307730,,417,
3 Questions Investors Ask Themselves When Evaluating a CEO,MANAGEMENT,Yes,,,"June 3, 2022 4:42 PM",https://hbr.org/2022/05/3-questions-investors-ask-themselves-when-evaluating-a-ceo,,417,
Balancing Autonomy and Structure for Remote Employees,MANAGEMENT,Yes,,,"June 3, 2022 4:41 PM",https://hbr.org/2022/05/balancing-autonomy-and-structure-for-remote-employees,,417,
L'effondrement de la société prédit par le MIT est en marche,FOOD4THOUGHTS,Yes,,,"June 3, 2022 4:40 PM",https://www.vice.com/fr/article/z3xw3x/leffondrement-de-la-societe-predit-par-le-mit-est-en-marche,,417,
How Will You Measure Your Life?,FOOD4THOUGHTS,Yes,Clayton Christensen,Game-Changing,"June 3, 2022 4:40 PM",https://hbr.org/2010/07/how-will-you-measure-your-life,,417,
"ESG Duds Have Nowhere to Hide, World’s Top Stock Owner Says - Bloomberg",FOOD4THOUGHTS,Yes,,,"June 3, 2022 4:40 PM",https://www.bloomberg.com/news/articles/2021-12-06/esg-duds-have-nowhere-to-hide-world-s-biggest-stock-owner-says,,417,
OperationPowerhouse – Porsche Consulting The Magazine,MOBILITY,Yes,,,"June 3, 2022 4:39 PM",https://magazine.porsche-consulting.com/en/operationpowerhouse/,,417,
"« Le marché auto devrait se contracter de 40 % d’ici à 2050 pour espérer limiter le réchauffement à 2°C », estime Jacques Portalier du Shift Project",MOBILITY,Yes,,,"June 3, 2022 4:39 PM",https://www.usinenouvelle.com/article/le-marche-auto-devrait-se-contracter-de-40-d-ici-a-2050-pour-esperer-limiter-le-rechauffement-a-2-c-estime-jacques-portalier-du-shift-project.N1806062,,417,
IT frugale : et si vous dépensiez mieux ? - Silicon,DIGITAL,Yes,,,"June 3, 2022 4:38 PM",https://www.silicon.fr/dossiers/it-frugale-et-si-vous-depensiez-mieux,,417,
These 5 Principles Will Accelerate Innovation,Innovation,Yes,,4-Stars,"June 3, 2022 4:37 PM",https://www.bmnt.com/post/these-5-principles-will-accelerate-innovation,,417,
Stratégie et management de l’innovation : Entre opportunités et turbulences,Innovation,Yes,,,"June 3, 2022 4:36 PM",https://www.usinenouvelle.com/article/strategie-et-management-de-l-innovation-entre-opportunites-et-turbulences.N1802677,,417,
Steve Blank Why Innovation Heroes are a Sign of a Dysfunctional Organization,Innovation,Yes,,,"June 3, 2022 4:36 PM",https://steveblank.com/2021/08/25/why-innovation-heroes-are-a-sign-of-a-dysfunctional-organization/,,417,
Today is the “Most Dangerous Time” for Established Companies — Here’s How to Scenario Plan - Senior Executive,Innovation,Yes,,,"June 3, 2022 4:36 PM",https://seniorexecutive.com/today-is-the-most-dangerous-time-for-established-companies-heres-how-to-scenario-plan/,,417,
"To Innovate Like a Startup, Make Decisions Like VCs Do",Innovation,Yes,,,"June 3, 2022 4:36 PM",https://hbr.org/2018/05/to-innovate-like-a-startup-make-decisions-like-vcs-do,,417,
The Five Whys for Start-Ups,Innovation,Yes,,,"June 3, 2022 4:35 PM",https://hbr.org/2010/04/the-five-whys-for-startups,,417,
Cram Down -- A Test of Character for VCs and Founders | LinkedIn,Innovation,Yes,,,"June 3, 2022 4:35 PM",https://www.linkedin.com/pulse/cram-down-test-character-vcs-founders-steve-blank/?trackingId=j%2BjgQwTx%2BbIq3lAaW%2F358Q%3D%3D,,417,
"» Innovation : soyez « l’oiseau », pas le « dinosaure »",Innovation,Yes,,,"June 3, 2022 4:35 PM",https://www.hbrfrance.fr/chroniques-experts/2022/04/44974-innovation-soyez-loiseau-pas-le-dinosaure/,,417,
The 12 Agile Project Management Principles Explained,Innovation,Yes,,,"June 3, 2022 4:35 PM",https://kanbanize.com/agile/project-management/principles,,417,
The Guide to Modern Data Architecture | Future,DIGITAL,No,,,"June 3, 2022 4:30 PM",https://future.com/emerging-architectures-modern-data-infrastructure/,,417,
"How Web 3 Will Redefine Scarcity, Experiences, Communities and Culture",DIGITAL,No,,,"June 3, 2022 4:30 PM",https://media-exp1.licdn.com/dms/document/C561FAQEN3e8Yh7il5g/feedshare-document-pdf-analyzed/0/1649140020024?e=2147483647&t=VqH2sP0pSX3Y4xgIs8-GfRxyGVsc_9Ub_F6wGhHCt4Q&v=beta,,417,
What Your Innovation Process Should Look Like,Innovation,Yes,Steve Blank,5-Stars,"June 3, 2022 4:30 PM",https://hbr.org/2017/09/what-your-innovation-process-should-look-like,,417,
"Innovation theatre doesn’t just kill startups. It kills innovation managers, too | Sifted",Innovation,Yes,,3-Stars,"June 3, 2022 4:30 PM",https://sifted.eu/articles/innovation-theatre-kills-managers/,,417,
Why the Lean Start-Up Changes Everything,Innovation,No,Steve Blank,,"June 3, 2022 4:29 PM",https://hbr.org/2013/05/why-the-lean-start-up-changes-everything,,417,
Steve Blank How companies strangle innovation – and how you can get it right,Innovation,No,,,"June 3, 2022 4:29 PM",https://steveblank.com/2017/09/14/how-companies-strangle-innovation/,,417,
The Best Online Innovation Courses to Unlock your Innovation Potential,Innovation,No,,,"June 3, 2022 4:29 PM",https://www.viima.com/the-innovation-archive/8-best-innovation-courses,,417,
Key Innovation Management Models and Theories,Innovation,No,,,"June 3, 2022 4:29 PM",https://www.viima.com/blog/innovation-management-models,,417,
Disruptive Technologies: Catching the Wave,Innovation,No,,,"June 3, 2022 4:29 PM",https://hbr.org/1995/01/disruptive-technologies-catching-the-wave,,417,
The Ambidextrous Organization,Innovation,No,"O'Reilly, Tushman",5-Stars,"June 3, 2022 4:29 PM",https://hbr.org/2004/04/the-ambidextrous-organization,,417,
Les sources philosophiques de la pensée de Poutine | Conflits : Revue de Géopolitique,FOOD4THOUGHTS,No,,,"June 3, 2022 4:28 PM",https://www.revueconflits.com/vladimir-poutine-philosophie-russie-etienne-de-floirac/,,417,
How the Metaverse Could Change Work,DIGITAL,No,,,"June 3, 2022 4:28 PM",https://hbr.org/2022/04/how-the-metaverse-could-change-work,,417,
The Rise of the “Corporate Nomad”,MANAGEMENT,No,,,"June 3, 2022 4:28 PM",https://hbr.org/2022/03/the-rise-of-the-corporate-nomad,,417,
This time it’s personal: Shaping the ‘new possible’ through employee experience,MANAGEMENT,Yes,McKinsey,4-Stars,"June 3, 2022 4:28 PM",https://www.mckinsey.com/business-functions/people-and-organizational-performance/our-insights/this-time-its-personal-shaping-the-new-possible-through-employee-experience,"Taking a systematic approach to EX
https://www.mckinsey.com/business-functions/growth-marketing-and-sales/our-insights/building-a-design-driven-culture, which uses both data and empathy to put employees at the center of the problem-solving equation, is a useful model for leaders to use to help them understand what matters most to their employees. It’s the same thinking that has transformed https://www.mckinsey.com/business-functions/growth-marketing-and-sales/our-insights/the-three-building-blocks-of-successful-customer-experience-transformations over the past decade, turning the lens internally to ask the same questions about employees.",417,
"Ethereum’s big switch to proof of stake, explained | MIT Technology Review",DIGITAL,No,,,"June 3, 2022 4:28 PM",https://www.technologyreview.com/2022/03/04/1046636/ethereum-blockchain-proof-of-stake/,,417,
The Future of the Web Is Marketing Copy Generated by Algorithms | WIRED,DIGITAL,No,,,"June 3, 2022 4:27 PM",https://www.wired.com/story/ai-generated-marketing-content/,,417,
UX Design & Recherche utilisateur - onepoint,Innovation,No,,,"June 3, 2022 4:27 PM",https://www.groupeonepoint.com/fr/nos-publications/ux-design-recherche-utilisateur/,,417,
A neuroscientist debunks the biggest productivity myths | BBC Science Focus Magazine,FOOD4THOUGHTS,No,,,"June 3, 2022 4:27 PM",https://www.sciencefocus.com/the-human-body/productivity-myths/,,417,
Elon Musk: A future worth getting excited about | TED Talk,MOBILITY,No,,,"June 3, 2022 4:27 PM",https://www.ted.com/talks/elon_musk_a_future_worth_getting_excited_about,,417,
Blockchain Today and Tomorrow: A Quick Guide,DIGITAL,No,,,"June 3, 2022 4:27 PM",https://www.gartner.com/en/articles/what-is-blockchain,,417,
Blue Ocean Strategy,Innovation,Yes,"Kim, Mauborgne",,"June 3, 2022 4:26 PM",https://hbr.org/2004/10/blue-ocean-strategy,,417,
5 Principles For The Manager Creating Innovation Deal Flow,Innovation,No,,,"June 3, 2022 4:26 PM",https://www.bmnt.com/post/5-principles-for-the-manager-creating-innovation-deal-flow,,417,
Act Like a Scientist,Innovation,No,,,"June 3, 2022 4:26 PM",https://www.instapaper.com/read/1502527068,,417,
The Innovation Value Chain,Innovation,No,,,"June 3, 2022 4:26 PM",https://hbr.org/2007/06/the-innovation-value-chain,,417,
This Eminent Scientist Says Climate Activists Need to Get Real - The New York Times,FOOD4THOUGHTS,No,,,"June 3, 2022 4:26 PM",https://www.nytimes.com/interactive/2022/04/25/magazine/vaclav-smil-interview.html,,417,
Building a Culture of Experimentation,Innovation,No,,,"June 3, 2022 4:25 PM",https://hbr.org/2020/03/building-a-culture-of-experimentation,,417,
The Discipline of Business Experimentation,Innovation,No,,,"June 3, 2022 4:25 PM",https://hbr.org/2014/12/the-discipline-of-business-experimentation,,417,
What Is Web3?,DIGITAL,No,,,"June 3, 2022 4:25 PM",https://hbr.org/2022/05/what-is-web3,,417,
Smart Factory – Hyundai Motor Group TECH,MOBILITY,No,,,"June 3, 2022 4:24 PM",https://tech.hyundaimotorgroup.com/convergence/smart-factory/,,417,
"""We invest in business model innovation"" | Tech For Impact","Innovation, Sustainability, Venture Builder",Yes,WaveMaker Impact,3-Stars,"June 3, 2022 4:20 PM",https://techforimpact.asia/we-invest-in-business-model-innovation/,,417,
Why France is struggling with intrapreneurship | Sifted,"Innovation, Intrapreneurship",Yes,,4-Stars,"June 3, 2022 4:05 PM",https://sifted.eu/articles/intrapreneurship-france-corporate-innovation/,Faire une analyse des programmes et tendances intraprenariat,417,
Scale-Up Program Singapore,,,,,"July 17, 2023 11:40 AM",https://www.enterprisesg.gov.sg/grow-your-business/boost-capabilities/growth-and-transformation/scale-up,,8,
Stanford CRFM,,,,,"July 17, 2023 11:47 AM",https://crfm.stanford.edu/2023/06/15/eu-ai-act.html,,8,
Stanford CRFM,,,,,"July 17, 2023 11:48 AM",https://crfm.stanford.edu/2023/06/15/eu-ai-act.html,,8,
Stanford CRFM - AI Foundation Model EU Regulation,"DIGITAL, IA",,,4-Stars,"July 17, 2023 11:49 AM",https://crfm.stanford.edu/2023/06/15/eu-ai-act.html,,8,
Managing complexity in embedded systems | McKinsey,,,,,"July 17, 2023 1:26 PM",https://www.mckinsey.com/industries/industrials-and-electronics/our-insights/cracking-the-complexity-code-in-embedded-systems-development,,8,
Managing complexity in embedded systems | McKinsey,,,,,"July 17, 2023 1:30 PM",https://www.mckinsey.com/industries/industrials-and-electronics/our-insights/cracking-the-complexity-code-in-embedded-systems-development#/,,8,
Digital R&D: when the model becomes the product - Kearney,,,,,"July 17, 2023 1:43 PM",https://www.kearney.com/industry/technology/article/-/insights/digital-r-d-when-the-model-becomes-the-product,,8,
Managing complexity in embedded systems | McKinsey,,,,,"July 17, 2023 2:56 PM",https://www.mckinsey.com/industries/industrials-and-electronics/our-insights/cracking-the-complexity-code-in-embedded-systems-development#/,,8,
Investing in Growth Through Uncertainty,,,,,"July 18, 2023 11:40 PM",https://hbr.org/2023/07/investing-in-growth-through-uncertainty,,7,
Investing in Growth Through Uncertainty,,,,,"July 18, 2023 11:40 PM",https://hbr.org/2023/07/investing-in-growth-through-uncertainty,,7,
« Il est nécessaire de pousser les salariés à porter des visions radicales »,,,,,"July 20, 2023 12:54 AM",https://usbeketrica.com/fr/article/il-est-necessaire-de-pousser-les-salaries-a-porter-des-visions-radicales,,6,
TypeChat de Microsoft relie la programmation des apps et les LLM,,,,,"July 25, 2023 9:00 PM",https://www.lemondeinformatique.fr/actualites/lire-typechat-de-microsoft-relie-la-programmation-des-apps-et-les-llm-91094.html,,0,